{
  "album": [
    {
      "albumId": "1",
      "name": "Nostalgic",
      "poster": "http://res.lgdsunday.club/poster-9.png",
      "playNum": "203.3万",
      "list": [
        {
          "musicId": "101",
          "name": "Nostalgic Piano",
          "poster": "http://res.lgdsunday.club/poster-1.png",
          "path": "http://res.lgdsunday.club/Nostalgic%20Piano.mp3",
          "author": "Rafael Krux"
        },
        {
          "musicId": "102",
          "name": "La Citadelle",
          "poster": "http://res.lgdsunday.club/poster-2.png",
          "path": "http://res.lgdsunday.club/La%20Citadelle.mp3",
          "author": "Komiku"
        },
        {
          "musicId": "103",
          "name": "Champ de tournesol",
          "poster": "http://res.lgdsunday.club/poster-3.png",
          "path": "http://res.lgdsunday.club/Champ%20de%20tournesol.mp3",
          "author": "Komiku"
        },
        {
          "musicId": "104",
          "name": "Horizon Flare",
          "poster": "http://res.lgdsunday.club/poster-4.png",
          "path": "http://res.lgdsunday.club/Horizon%20Flare.mp3",
          "author": "Alexander Nakarada"
        },
        {
          "musicId": "105",
          "name": "Lovely Piano Song",
          "poster": "http://res.lgdsunday.club/poster-5.png",
          "path": "http://res.lgdsunday.club/Lovely%20Piano%20Song.mp3",
          "author": "Rafael Krux"
        },
        {
          "musicId": "106",
          "name": "Romantic Inspiration",
          "poster": "http://res.lgdsunday.club/poster-6.png",
          "path": "http://res.lgdsunday.club/Romantic%20Inspiration.mp3",
          "author": "Rafael Krux"
        },
        {
          "musicId": "107",
          "name": "Brothers Unite",
          "poster": "http://res.lgdsunday.club/poster-7.png",
          "path": "http://res.lgdsunday.club/Brothers%20Unite.mp3",
          "author": "Alexander Nakarada"
        },
        {
          "musicId": "108",
          "name": "Amazing Grace",
          "poster": "http://res.lgdsunday.club/poster-8.png",
          "path": "http://res.lgdsunday.club/Amazing%20Grace.mp3",
          "author": "Kevin MacLeod"
        }
      ]
    },
    {
      "albumId": "2",
      "name": "Champ de tournesol",
      "poster": "http://res.lgdsunday.club/poster-10.png",
      "playNum": "78.3万",
      "list": [
        {
          "musicId": "201",
          "name": "Nostalgic Piano",
          "poster": "http://res.lgdsunday.club/poster-1.png",
          "path": "http://res.lgdsunday.club/Nostalgic%20Piano.mp3",
          "author": "Rafael Krux"
        },
        {
          "musicId": "202",
          "name": "La Citadelle",
          "poster": "http://res.lgdsunday.club/poster-2.png",
          "path": "http://res.lgdsunday.club/La%20Citadelle.mp3",
          "author": "Komiku"
        },
        {
          "musicId": "203",
          "name": "Champ de tournesol",
          "poster": "http://res.lgdsunday.club/poster-3.png",
          "path": "http://res.lgdsunday.club/Champ%20de%20tournesol.mp3",
          "author": "Komiku"
        },
        {
          "musicId": "204",
          "name": "Horizon Flare",
          "poster": "http://res.lgdsunday.club/poster-4.png",
          "path": "http://res.lgdsunday.club/Horizon%20Flare.mp3",
          "author": "Alexander Nakarada"
        },
        {
          "musicId": "205",
          "name": "Lovely Piano Song",
          "poster": "http://res.lgdsunday.club/poster-5.png",
          "path": "http://res.lgdsunday.club/Lovely%20Piano%20Song.mp3",
          "author": "Rafael Krux"
        },
        {
          "musicId": "206",
          "name": "Romantic Inspiration",
          "poster": "http://res.lgdsunday.club/poster-6.png",
          "path": "http://res.lgdsunday.club/Romantic%20Inspiration.mp3",
          "author": "Rafael Krux"
        },
        {
          "musicId": "207",
          "name": "Brothers Unite",
          "poster": "http://res.lgdsunday.club/poster-7.png",
          "path": "http://res.lgdsunday.club/Brothers%20Unite.mp3",
          "author": "Alexander Nakarada"
        },
        {
          "musicId": "208",
          "name": "Amazing Grace",
          "poster": "http://res.lgdsunday.club/poster-8.png",
          "path": "http://res.lgdsunday.club/Amazing%20Grace.mp3",
          "author": "Kevin MacLeod"
        }
      ]
    },
    {
      "albumId": "3",
      "name": "Lovely",
      "poster": "http://res.lgdsunday.club/poster-11.png",
      "playNum": "1098万",
      "list": [
        {
          "musicId": "301",
          "name": "Nostalgic Piano",
          "poster": "http://res.lgdsunday.club/poster-1.png",
          "path": "http://res.lgdsunday.club/Nostalgic%20Piano.mp3",
          "author": "Rafael Krux"
        },
        {
          "musicId": "302",
          "name": "La Citadelle",
          "poster": "http://res.lgdsunday.club/poster-2.png",
          "path": "http://res.lgdsunday.club/La%20Citadelle.mp3",
          "author": "Komiku"
        },
        {
          "musicId": "303",
          "name": "Champ de tournesol",
          "poster": "http://res.lgdsunday.club/poster-3.png",
          "path": "http://res.lgdsunday.club/Champ%20de%20tournesol.mp3",
          "author": "Komiku"
        },
        {
          "musicId": "304",
          "name": "Horizon Flare",
          "poster": "http://res.lgdsunday.club/poster-4.png",
          "path": "http://res.lgdsunday.club/Horizon%20Flare.mp3",
          "author": "Alexander Nakarada"
        },
        {
          "musicId": "305",
          "name": "Lovely Piano Song",
          "poster": "http://res.lgdsunday.club/poster-5.png",
          "path": "http://res.lgdsunday.club/Lovely%20Piano%20Song.mp3",
          "author": "Rafael Krux"
        },
        {
          "musicId": "306",
          "name": "Romantic Inspiration",
          "poster": "http://res.lgdsunday.club/poster-6.png",
          "path": "http://res.lgdsunday.club/Romantic%20Inspiration.mp3",
          "author": "Rafael Krux"
        },
        {
          "musicId": "307",
          "name": "Brothers Unite",
          "poster": "http://res.lgdsunday.club/poster-7.png",
          "path": "http://res.lgdsunday.club/Brothers%20Unite.mp3",
          "author": "Alexander Nakarada"
        },
        {
          "musicId": "308",
          "name": "Amazing Grace",
          "poster": "http://res.lgdsunday.club/poster-8.png",
          "path": "http://res.lgdsunday.club/Amazing%20Grace.mp3",
          "author": "Kevin MacLeod"
        }
      ]
    },
    {
      "albumId": "4",
      "name": "Romantic",
      "poster": "http://res.lgdsunday.club/poster-12.png",
      "playNum": "1.2亿",
      "list": [
        {
          "musicId": "401",
          "name": "Nostalgic Piano",
          "poster": "http://res.lgdsunday.club/poster-1.png",
          "path": "http://res.lgdsunday.club/Nostalgic%20Piano.mp3",
          "author": "Rafael Krux"
        },
        {
          "musicId": "402",
          "name": "La Citadelle",
          "poster": "http://res.lgdsunday.club/poster-2.png",
          "path": "http://res.lgdsunday.club/La%20Citadelle.mp3",
          "author": "Komiku"
        },
        {
          "musicId": "403",
          "name": "Champ de tournesol",
          "poster": "http://res.lgdsunday.club/poster-3.png",
          "path": "http://res.lgdsunday.club/Champ%20de%20tournesol.mp3",
          "author": "Komiku"
        },
        {
          "musicId": "404",
          "name": "Horizon Flare",
          "poster": "http://res.lgdsunday.club/poster-4.png",
          "path": "http://res.lgdsunday.club/Horizon%20Flare.mp3",
          "author": "Alexander Nakarada"
        },
        {
          "musicId": "405",
          "name": "Lovely Piano Song",
          "poster": "http://res.lgdsunday.club/poster-5.png",
          "path": "http://res.lgdsunday.club/Lovely%20Piano%20Song.mp3",
          "author": "Rafael Krux"
        },
        {
          "musicId": "406",
          "name": "Romantic Inspiration",
          "poster": "http://res.lgdsunday.club/poster-6.png",
          "path": "http://res.lgdsunday.club/Romantic%20Inspiration.mp3",
          "author": "Rafael Krux"
        },
        {
          "musicId": "407",
          "name": "Brothers Unite",
          "poster": "http://res.lgdsunday.club/poster-7.png",
          "path": "http://res.lgdsunday.club/Brothers%20Unite.mp3",
          "author": "Alexander Nakarada"
        },
        {
          "musicId": "408",
          "name": "Amazing Grace",
          "poster": "http://res.lgdsunday.club/poster-8.png",
          "path": "http://res.lgdsunday.club/Amazing%20Grace.mp3",
          "author": "Kevin MacLeod"
        }
      ]
    },
    {
      "albumId": "5",
      "name": "Brothers",
      "poster": "http://res.lgdsunday.club/poster-13.png",
      "playNum": "2089.7万",
      "list": [
        {
          "musicId": "501",
          "name": "Nostalgic Piano",
          "poster": "http://res.lgdsunday.club/poster-1.png",
          "path": "http://res.lgdsunday.club/Nostalgic%20Piano.mp3",
          "author": "Rafael Krux"
        },
        {
          "musicId": "502",
          "name": "La Citadelle",
          "poster": "http://res.lgdsunday.club/poster-2.png",
          "path": "http://res.lgdsunday.club/La%20Citadelle.mp3",
          "author": "Komiku"
        },
        {
          "musicId": "503",
          "name": "Champ de tournesol",
          "poster": "http://res.lgdsunday.club/poster-3.png",
          "path": "http://res.lgdsunday.club/Champ%20de%20tournesol.mp3",
          "author": "Komiku"
        },
        {
          "musicId": "504",
          "name": "Horizon Flare",
          "poster": "http://res.lgdsunday.club/poster-4.png",
          "path": "http://res.lgdsunday.club/Horizon%20Flare.mp3",
          "author": "Alexander Nakarada"
        },
        {
          "musicId": "505",
          "name": "Lovely Piano Song",
          "poster": "http://res.lgdsunday.club/poster-5.png",
          "path": "http://res.lgdsunday.club/Lovely%20Piano%20Song.mp3",
          "author": "Rafael Krux"
        },
        {
          "musicId": "506",
          "name": "Romantic Inspiration",
          "poster": "http://res.lgdsunday.club/poster-6.png",
          "path": "http://res.lgdsunday.club/Romantic%20Inspiration.mp3",
          "author": "Rafael Krux"
        },
        {
          "musicId": "507",
          "name": "Brothers Unite",
          "poster": "http://res.lgdsunday.club/poster-7.png",
          "path": "http://res.lgdsunday.club/Brothers%20Unite.mp3",
          "author": "Alexander Nakarada"
        },
        {
          "musicId": "508",
          "name": "Amazing Grace",
          "poster": "http://res.lgdsunday.club/poster-8.png",
          "path": "http://res.lgdsunday.club/Amazing%20Grace.mp3",
          "author": "Kevin MacLeod"
        }
      ]
    },
    {
      "albumId": "6",
      "name": "Amazing",
      "poster": "http://res.lgdsunday.club/poster-14.png",
      "playNum": "56.7万",
      "list": [
        {
          "musicId": "601",
          "name": "Nostalgic Piano",
          "poster": "http://res.lgdsunday.club/poster-1.png",
          "path": "http://res.lgdsunday.club/Nostalgic%20Piano.mp3",
          "author": "Rafael Krux"
        },
        {
          "musicId": "602",
          "name": "La Citadelle",
          "poster": "http://res.lgdsunday.club/poster-2.png",
          "path": "http://res.lgdsunday.club/La%20Citadelle.mp3",
          "author": "Komiku"
        },
        {
          "musicId": "603",
          "name": "Champ de tournesol",
          "poster": "http://res.lgdsunday.club/poster-3.png",
          "path": "http://res.lgdsunday.club/Champ%20de%20tournesol.mp3",
          "author": "Komiku"
        },
        {
          "musicId": "604",
          "name": "Horizon Flare",
          "poster": "http://res.lgdsunday.club/poster-4.png",
          "path": "http://res.lgdsunday.club/Horizon%20Flare.mp3",
          "author": "Alexander Nakarada"
        },
        {
          "musicId": "605",
          "name": "Lovely Piano Song",
          "poster": "http://res.lgdsunday.club/poster-5.png",
          "path": "http://res.lgdsunday.club/Lovely%20Piano%20Song.mp3",
          "author": "Rafael Krux"
        },
        {
          "musicId": "606",
          "name": "Romantic Inspiration",
          "poster": "http://res.lgdsunday.club/poster-6.png",
          "path": "http://res.lgdsunday.club/Romantic%20Inspiration.mp3",
          "author": "Rafael Krux"
        },
        {
          "musicId": "607",
          "name": "Brothers Unite",
          "poster": "http://res.lgdsunday.club/poster-7.png",
          "path": "http://res.lgdsunday.club/Brothers%20Unite.mp3",
          "author": "Alexander Nakarada"
        },
        {
          "musicId": "608",
          "name": "Amazing Grace",
          "poster": "http://res.lgdsunday.club/poster-8.png",
          "path": "http://res.lgdsunday.club/Amazing%20Grace.mp3",
          "author": "Kevin MacLeod"
        }
      ]
    }
  ],
  "hot": [
    {
      "musicId": "7",
      "name": "Nostalgic Piano",
      "poster": "http://res.lgdsunday.club/poster-1.png",
      "path": "http://res.lgdsunday.club/Nostalgic%20Piano.mp3",
      "author": "Rafael Krux"
    },
    {
      "musicId": "8",
      "name": "La Citadelle",
      "poster": "http://res.lgdsunday.club/poster-2.png",
      "path": "http://res.lgdsunday.club/La%20Citadelle.mp3",
      "author": "Komiku"
    },
    {
      "musicId": "9",
      "name": "Champ de tournesol",
      "poster": "http://res.lgdsunday.club/poster-3.png",
      "path": "http://res.lgdsunday.club/Champ%20de%20tournesol.mp3",
      "author": "Komiku"
    },
    {
      "musicId": "10",
      "name": "Horizon Flare",
      "poster": "http://res.lgdsunday.club/poster-4.png",
      "path": "http://res.lgdsunday.club/Horizon%20Flare.mp3",
      "author": "Alexander Nakarada"
    },
    {
      "musicId": "11",
      "name": "Lovely Piano Song",
      "poster": "http://res.lgdsunday.club/poster-5.png",
      "path": "http://res.lgdsunday.club/Lovely%20Piano%20Song.mp3",
      "author": "Rafael Krux"
    },
    {
      "musicId": "12",
      "name": "Romantic Inspiration",
      "poster": "http://res.lgdsunday.club/poster-6.png",
      "path": "http://res.lgdsunday.club/Romantic%20Inspiration.mp3",
      "author": "Rafael Krux"
    },
    {
      "musicId": "13",
      "name": "Brothers Unite",
      "poster": "http://res.lgdsunday.club/poster-7.png",
      "path": "http://res.lgdsunday.club/Brothers%20Unite.mp3",
      "author": "Alexander Nakarada"
    },
    {
      "musicId": "14",
      "name": "Amazing Grace",
      "poster": "http://res.lgdsunday.club/poster-8.png",
      "path": "http://res.lgdsunday.club/Amazing%20Grace.mp3",
      "author": "Kevin MacLeod"
    }
  ]
}
